fecha_hora,apertura,maximo,minimo,cierre,volumen,gap_apertura
2026-09-04T04:00:00+00:00,4513.1,4521.5,4511.6,4520.4,0,
2026-09-04T05:00:00+00:00,4520.3,4523.9,4512.8,4518.3,4259,-0.1
2026-09-04T06:00:00+00:00,4518.1,4519.5,4506.6,4509.5,4649,-0.2
2026-09-04T07:00:00+00:00,4509.3,4537.8,4508.0,4530.3,7045,-0.2
2026-09-04T08:00:00+00:00,4530.8,4533.5,4521.0,4524.3,3787,0.5
2026-09-04T09:00:00+00:00,4524.5,4525.7,4510.0,4511.9,4833,0.2
2026-09-04T10:00:00+00:00,4511.6,4523.1,4511.6,4519.0,2426,-0.3
2026-09-04T11:00:00+00:00,4518.9,4519.3,4510.9,4513.1,3471,-0.1
2026-09-04T12:00:00+00:00,4513.6,4523.5,4419.0,4440.6,45017,0.5
2026-09-04T13:00:00+00:00,4440.6,4481.8,4412.0,4460.4,32310,0.0
2026-09-04T14:00:00+00:00,4460.2,4489.4,4458.8,4474.3,17550,-0.2
2026-09-04T15:00:00+00:00,4474.7,4496.2,4469.5,4483.3,11986,0.4
2026-09-04T16:00:00+00:00,4484.0,4491.0,4479.5,4483.6,6089,0.7
2026-09-04T17:00:00+00:00,4483.5,4488.0,4461.1,4464.0,9254,-0.1
2026-09-04T18:00:00+00:00,4464.7,4474.5,4459.0,4471.3,5254,0.7
2026-09-04T19:00:00+00:00,4471.6,4485.6,4470.0,4481.8,4750,0.3
2026-09-04T20:00:00+00:00,4482.2,4482.3,4475.6,4476.6,1800,0.4
2026-09-08T04:00:00+00:00,4483.5,4488.8,4477.0,4481.6,2902,6.9
2026-09-08T05:00:00+00:00,4481.7,4483.4,4462.1,4464.4,4160,0.1
2026-09-08T06:00:00+00:00,4464.4,4465.1,4442.6,4448.3,6730,0.0
2026-09-08T07:00:00+00:00,4448.3,4454.0,4434.3,4436.7,5481,0.0
2026-09-08T08:00:00+00:00,4436.6,4443.0,4432.0,4438.5,4596,-0.1
2026-09-08T09:00:00+00:00,4438.0,4450.1,4435.0,4447.2,4513,-0.5
2026-09-08T10:00:00+00:00,4447.3,4451.6,4438.0,4439.9,4436,0.1
2026-09-08T11:00:00+00:00,4440.2,4452.4,4435.5,4450.9,4220,0.3
2026-09-08T12:00:00+00:00,4450.7,4456.3,4429.5,4456.1,12623,-0.2
2026-09-08T13:00:00+00:00,4456.3,4457.9,4434.7,4440.3,10997,0.2
2026-09-08T14:00:00+00:00,4440.5,4449.0,4433.7,4443.4,10333,0.2
2026-09-08T15:00:00+00:00,4444.0,4454.4,4439.8,4439.8,8719,0.6
2026-09-08T16:00:00+00:00,4440.0,4443.4,4425.1,4438.3,10820,0.2
2026-09-08T17:00:00+00:00,4438.4,4448.6,4429.5,4434.3,7413,0.1
2026-09-08T18:00:00+00:00,4434.5,4434.7,4402.4,4420.1,11893,0.2
2026-09-08T19:00:00+00:00,4419.6,4421.8,4401.1,4404.5,7790,-0.5
2026-09-08T20:00:00+00:00,4404.1,4409.5,4381.0,4400.0,5405,-0.4
2026-09-08T22:00:00+00:00,4399.0,4403.0,4393.7,4397.4,0,-1.0
2026-09-08T23:00:00+00:00,4397.4,4403.4,4392.4,4393.1,2299,0.0
2026-09-09T00:00:00+00:00,4393.3,4409.5,4384.1,4408.8,4921,0.2
2026-09-09T01:00:00+00:00,4408.5,4422.0,4397.8,4417.7,6680,-0.3
2026-09-09T02:00:00+00:00,4417.4,4428.4,4411.0,4426.0,2862,-0.3
2026-09-09T03:00:00+00:00,4426.3,4426.6,4419.2,4420.4,1546,0.3
2026-09-09T04:00:00+00:00,4418.7,4426.2,4414.2,4425.3,2158,-1.7
2026-09-09T05:00:00+00:00,4425.4,4444.6,4423.9,4442.3,7270,0.1
2026-09-09T06:00:00+00:00,4442.4,4449.9,4438.6,4444.7,6619,0.1
2026-09-09T07:00:00+00:00,4444.8,4456.3,4443.0,4452.9,5989,0.1
2026-09-09T08:00:00+00:00,4452.9,4455.4,4442.6,4444.6,4870,0.0
2026-09-09T09:00:00+00:00,4444.8,4446.3,4432.5,4434.6,4501,0.2
2026-09-09T10:00:00+00:00,4434.5,4447.0,4430.0,4442.9,5078,-0.1
2026-09-09T11:00:00+00:00,4443.3,4459.9,4443.2,4451.6,6612,0.4
2026-09-09T12:00:00+00:00,4451.5,4453.6,4435.2,4444.4,7810,-0.1
2026-09-09T13:00:00+00:00,4444.0,4479.0,4442.8,4459.3,19110,-0.4
2026-09-09T14:00:00+00:00,4459.1,4473.0,4453.6,4463.3,12760,-0.2
2026-09-09T15:00:00+00:00,4463.5,4477.0,4419.3,4442.7,31471,0.2
2026-09-09T16:00:00+00:00,4442.7,4455.4,4435.8,4455.0,7174,0.0
2026-09-09T17:00:00+00:00,4454.6,4465.6,4453.8,4461.2,8025,-0.4
2026-09-09T18:00:00+00:00,4461.2,4466.7,4446.5,4448.2,5810,0.0
2026-09-09T19:00:00+00:00,4448.2,4450.4,4441.1,4444.4,4183,0.0
2026-09-09T20:00:00+00:00,4444.3,4448.1,4438.9,4447.2,1856,-0.1
2026-09-09T22:00:00+00:00,4448.3,4450.4,4442.0,4444.1,0,1.1
2026-09-09T23:00:00+00:00,4444.2,4447.5,4436.7,4437.5,3726,0.1
2026-09-10T00:00:00+00:00,4437.6,4448.4,4433.2,4444.5,2991,0.1
2026-09-10T01:00:00+00:00,4444.3,4462.5,4443.5,4455.2,4763,-0.2
2026-09-10T02:00:00+00:00,4455.2,4464.4,4451.3,4462.7,4640,0.0
2026-09-10T03:00:00+00:00,4462.6,4464.5,4449.9,4451.9,2088,-0.1
2026-09-10T04:00:00+00:00,4452.4,4458.4,4448.4,4451.4,1681,0.5
2026-09-10T05:00:00+00:00,4451.2,4475.1,4451.1,4475.0,5606,-0.2
2026-09-10T06:00:00+00:00,4475.4,4479.9,4454.4,4469.3,9653,0.4
2026-09-10T07:00:00+00:00,4469.0,4469.5,4447.5,4454.9,7602,-0.3
2026-09-10T08:00:00+00:00,4454.7,4455.7,4435.0,4437.8,6195,-0.2
2026-09-10T09:00:00+00:00,4437.8,4439.5,4431.0,4437.0,4076,0.0
2026-09-10T10:00:00+00:00,4436.9,4442.8,4417.0,4421.5,8883,-0.1
2026-09-10T11:00:00+00:00,4421.7,4433.1,4415.1,4416.7,5910,0.2
2026-09-10T12:00:00+00:00,4416.8,4419.9,4365.4,4381.8,31855,0.1
2026-09-10T13:00:00+00:00,4382.1,4418.1,4380.4,4408.5,23980,0.3
2026-09-10T14:00:00+00:00,4408.7,4419.1,4396.4,4400.1,17515,0.2
2026-09-10T15:00:00+00:00,4400.4,4414.1,4394.6,4407.8,8371,0.3
2026-09-10T16:00:00+00:00,4408.1,4411.4,4396.2,4406.4,8585,0.3
2026-09-10T17:00:00+00:00,4406.0,4410.5,4392.7,4394.2,8106,-0.4
2026-09-10T18:00:00+00:00,4394.6,4397.8,4371.3,4374.4,11935,0.4
2026-09-10T19:00:00+00:00,4374.0,4374.0,4354.7,4365.7,10829,-0.4
2026-09-10T20:00:00+00:00,4365.7,4365.7,4355.9,4358.5,2652,0.0
2026-09-10T22:00:00+00:00,4361.0,4365.8,4354.0,4358.8,0,2.5
2026-09-10T23:00:00+00:00,4358.3,4361.0,4351.3,4354.5,1750,-0.5
2026-09-11T00:00:00+00:00,4354.5,4374.1,4353.2,4372.2,3434,0.0
2026-09-11T01:00:00+00:00,4371.8,4380.7,4361.0,4369.1,6715,-0.4
2026-09-11T02:00:00+00:00,4369.8,4374.5,4356.2,4363.2,4850,0.7
2026-09-11T03:00:00+00:00,4362.7,4366.8,4341.4,4344.8,5823,-0.5
2026-09-11T04:00:00+00:00,4344.2,4375.6,4342.4,4372.1,5522,-0.6
2026-09-11T05:00:00+00:00,4372.4,4392.5,4368.9,4386.6,5097,0.3
2026-09-11T06:00:00+00:00,4386.3,4402.0,4386.3,4394.8,5934,-0.3
2026-09-11T07:00:00+00:00,4393.1,4397.3,4381.7,4386.1,3220,-1.7
2026-09-11T08:00:00+00:00,4386.1,4399.3,4383.0,4388.7,5735,0.0
2026-09-11T09:00:00+00:00,4389.2,4395.4,4382.5,4388.2,3314,0.5
2026-09-11T10:00:00+00:00,4388.1,4392.0,4378.5,4379.4,4639,-0.1
2026-09-11T11:00:00+00:00,4379.3,4384.6,4372.1,4375.0,4812,-0.1
2026-09-11T12:00:00+00:00,4375.4,4432.6,4333.0,4430.3,37099,0.4
2026-09-11T13:00:00+00:00,4430.5,4444.9,4421.9,4443.9,25960,0.2
2026-09-11T14:00:00+00:00,4443.7,4444.9,4406.3,4412.5,18183,-0.2
2026-09-11T15:00:00+00:00,4412.5,4418.7,4401.0,4408.7,10750,0.0
2026-09-11T16:00:00+00:00,4408.6,4414.4,4393.3,4403.6,10143,-0.1
2026-09-11T17:00:00+00:00,4403.3,4412.7,4400.0,4400.6,7756,-0.3
2026-09-11T18:00:00+00:00,4400.7,4402.4,4385.8,4389.1,6730,0.1
2026-09-11T19:00:00+00:00,4389.3,4395.8,4384.9,4390.9,4699,0.2
2026-09-11T20:00:00+00:00,4390.9,4408.9,4387.3,4408.9,1504,0.0
2026-09-13T22:00:00+00:00,4371.9,4380.9,4368.6,4378.4,2929,-37.0
2026-09-13T23:00:00+00:00,4378.6,4383.0,4372.6,4373.3,1603,0.2
2026-09-14T00:00:00+00:00,4373.6,4388.8,4370.9,4379.3,3449,0.3
2026-09-14T01:00:00+00:00,4378.8,4396.5,4367.1,4394.5,6362,-0.5
2026-09-14T02:00:00+00:00,4394.7,4396.8,4371.1,4371.8,3943,0.2
2026-09-14T03:00:00+00:00,4371.5,4377.1,4367.2,4370.6,3180,-0.3
2026-09-14T04:00:00+00:00,4370.6,4371.9,4362.1,4369.6,2687,0.0
2026-09-14T05:00:00+00:00,4369.8,4378.1,4363.5,4378.1,4403,0.2
2026-09-14T06:00:00+00:00,4377.9,4379.3,4360.9,4362.5,3506,-0.2
2026-09-14T07:00:00+00:00,4362.3,4364.5,4348.0,4350.7,5155,-0.2
2026-09-14T08:00:00+00:00,4351.1,4358.4,4343.2,4346.6,4232,0.4
2026-09-14T09:00:00+00:00,4346.3,4351.8,4317.3,4325.6,13997,-0.3
2026-09-14T10:00:00+00:00,4324.8,4336.5,4317.8,4334.9,5546,-0.8
2026-09-14T11:00:00+00:00,4334.4,4337.1,4324.1,4326.9,4520,-0.5
2026-09-14T12:00:00+00:00,4327.1,4337.7,4305.7,4310.8,13243,0.2
2026-09-14T13:00:00+00:00,4311.6,4321.9,4293.0,4312.2,17440,0.8
2026-09-14T14:00:00+00:00,4312.6,4323.4,4303.7,4320.1,12101,0.4
2026-09-14T15:00:00+00:00,4320.3,4339.4,4313.1,4329.1,16491,0.2
2026-09-14T16:00:00+00:00,4329.0,4358.9,4327.3,4356.5,11487,-0.1
2026-09-14T17:00:00+00:00,4356.7,4357.4,4348.2,4351.6,7995,0.2
2026-09-14T18:00:00+00:00,4351.7,4356.7,4345.0,4347.8,4977,0.1
2026-09-14T19:00:00+00:00,4347.9,4348.3,4323.2,4324.0,6296,0.1
2026-09-14T20:00:00+00:00,4324.2,4340.4,4322.8,4340.0,3089,0.2
2026-09-14T22:00:00+00:00,4339.4,4343.6,4332.6,4335.9,0,-0.6
2026-09-14T23:00:00+00:00,4335.8,4338.1,4327.5,4329.0,4009,-0.1
2026-09-15T00:00:00+00:00,4329.2,4337.3,4323.8,4333.6,3269,0.2
2026-09-15T01:00:00+00:00,4333.9,4347.0,4328.4,4344.1,5768,0.3
2026-09-15T02:00:00+00:00,4344.5,4358.2,4344.4,4354.9,5452,0.4
2026-09-15T03:00:00+00:00,4355.1,4355.2,4343.9,4345.1,4389,0.2
2026-09-15T04:00:00+00:00,4344.0,4350.4,4341.3,4344.8,3909,-1.1
2026-09-15T05:00:00+00:00,4344.9,4347.9,4329.1,4331.3,4098,0.1
2026-09-15T06:00:00+00:00,4331.2,4335.3,4325.9,4333.6,5267,-0.1
2026-09-15T07:00:00+00:00,4333.5,4335.7,4316.6,4320.7,6315,-0.1
2026-09-15T08:00:00+00:00,4320.0,4320.9,4301.7,4302.8,7672,-0.7
2026-09-15T09:00:00+00:00,4303.3,4312.4,4301.6,4308.7,6841,0.5
2026-09-15T10:00:00+00:00,4308.8,4324.0,4308.8,4321.8,5217,0.1
2026-09-15T11:00:00+00:00,4321.2,4326.7,4318.8,4324.4,4317,-0.6
2026-09-15T12:00:00+00:00,4324.4,4336.3,4311.0,4330.6,10546,0.0
2026-09-15T13:00:00+00:00,4330.2,4338.5,4323.3,4334.6,11449,-0.4
2026-09-15T14:00:00+00:00,4334.5,4340.7,4313.0,4316.8,12897,-0.1
2026-09-15T15:00:00+00:00,4316.9,4335.2,4316.6,4329.9,8806,0.1
2026-09-15T16:00:00+00:00,4329.6,4338.4,4325.4,4335.6,7388,-0.3
2026-09-15T17:00:00+00:00,4335.8,4339.8,4330.5,4334.9,9128,0.2
2026-09-15T18:00:00+00:00,4335.5,4350.6,4332.9,4348.7,6874,0.6
2026-09-15T19:00:00+00:00,4348.6,4350.8,4333.7,4337.3,4498,-0.1
2026-09-15T20:00:00+00:00,4337.2,4338.8,4331.6,4333.4,2260,-0.1
2026-09-15T22:00:00+00:00,4333.4,4339.5,4329.2,4329.2,0,0.0
2026-09-15T23:00:00+00:00,4329.0,4329.7,4321.2,4323.3,5332,-0.2
2026-09-16T00:00:00+00:00,4323.9,4326.5,4315.2,4317.1,3708,0.6
2026-09-16T01:00:00+00:00,4317.1,4333.3,4316.3,4321.8,6321,0.0
2026-09-16T02:00:00+00:00,4322.0,4363.9,4321.4,4362.2,11156,0.2
2026-09-16T03:00:00+00:00,4362.5,4381.9,4361.9,4367.2,9330,0.3
2026-09-16T04:00:00+00:00,4368.0,4369.2,4361.5,4362.6,1875,0.8
2026-09-16T05:00:00+00:00,4362.8,4374.3,4361.7,4366.9,3544,0.2
2026-09-16T06:00:00+00:00,4366.9,4373.4,4361.7,4373.2,4089,0.0
2026-09-16T07:00:00+00:00,4372.7,4379.1,4368.2,4369.0,4777,-0.5
2026-09-16T08:00:00+00:00,4369.0,4377.7,4362.6,4371.1,7572,0.0
2026-09-16T09:00:00+00:00,4371.2,4380.3,4368.3,4379.1,6323,0.1
2026-09-16T10:00:00+00:00,4379.1,4392.9,4378.6,4391.9,9288,0.0
2026-09-16T11:00:00+00:00,4392.3,4394.8,4382.7,4382.9,7666,0.4
2026-09-16T12:00:00+00:00,4383.0,4390.1,4375.0,4388.8,9823,0.1
2026-09-16T13:00:00+00:00,4388.9,4402.9,4376.3,4379.9,13765,0.1
2026-09-16T14:00:00+00:00,4380.1,4398.1,4364.5,4397.3,17127,0.2
2026-09-16T15:00:00+00:00,4397.2,4405.2,4384.5,4394.8,12858,-0.1
2026-09-16T16:00:00+00:00,4394.9,4395.0,4385.3,4388.8,5722,0.1
2026-09-16T17:00:00+00:00,4388.5,4413.1,4383.4,4399.0,9237,-0.3
2026-09-16T18:00:00+00:00,4404.5,4412.0,4296.2,4301.3,57928,5.5
2026-09-16T19:00:00+00:00,4301.3,4326.9,4273.3,4311.3,30423,0.0
2026-09-16T20:00:00+00:00,4311.7,4312.9,4296.9,4302.5,3722,0.4
2026-09-16T22:00:00+00:00,4302.5,4314.0,4294.5,4304.7,0,0.0
2026-09-16T23:00:00+00:00,4304.0,4313.7,4296.8,4309.7,5022,-0.7
2026-09-17T00:00:00+00:00,4309.9,4330.4,4304.4,4318.5,6675,0.2
2026-09-17T01:00:00+00:00,4318.4,4356.2,4318.4,4337.9,11226,-0.1
2026-09-17T02:00:00+00:00,4338.2,4338.9,4312.0,4315.2,7058,0.3
2026-09-17T03:00:00+00:00,4315.2,4336.0,4315.2,4335.4,3474,0.0
2026-09-17T04:00:00+00:00,4334.2,4337.5,4328.7,4336.1,2656,-1.2
2026-09-17T05:00:00+00:00,4335.6,4343.7,4323.7,4342.6,3259,-0.5
2026-09-17T06:00:00+00:00,4342.7,4353.8,4342.3,4349.5,5111,0.1
2026-09-17T07:00:00+00:00,4349.4,4374.4,4347.8,4366.1,9149,-0.1
2026-09-17T08:00:00+00:00,4366.5,4367.2,4349.2,4350.7,5881,0.4
2026-09-17T09:00:00+00:00,4351.3,4358.5,4343.9,4345.1,4906,0.6
2026-09-17T10:00:00+00:00,4345.3,4364.7,4343.8,4363.7,3766,0.2
2026-09-17T11:00:00+00:00,4364.3,4393.5,4362.9,4390.0,11770,0.6
2026-09-17T12:00:00+00:00,4390.0,4423.3,4383.8,4413.8,22391,0.0
2026-09-17T13:00:00+00:00,4413.0,4415.8,4395.9,4407.4,15138,-0.8
2026-09-17T14:00:00+00:00,4408.1,4420.9,4392.2,4394.5,12711,0.7
2026-09-17T15:00:00+00:00,4394.5,4410.2,4391.8,4410.0,8006,0.0
2026-09-17T16:00:00+00:00,4410.1,4412.7,4395.3,4401.9,8159,0.1
2026-09-17T17:00:00+00:00,4402.1,4405.7,4397.3,4400.3,5445,0.2
2026-09-17T18:00:00+00:00,4401.2,4405.6,4388.1,4390.9,4414,0.9
2026-09-17T19:00:00+00:00,4391.2,4395.4,4381.6,4385.3,4497,0.3
2026-09-17T20:00:00+00:00,4385.7,4386.2,4380.3,4380.6,1814,0.4
2026-09-17T22:00:00+00:00,4382.2,4388.5,4380.1,4383.0,0,1.6
2026-09-17T23:00:00+00:00,4383.2,4387.1,4378.3,4385.0,2562,0.2
2026-09-18T00:00:00+00:00,4384.4,4399.5,4380.7,4394.9,3344,-0.6
2026-09-18T01:00:00+00:00,4395.5,4404.6,4382.6,4387.0,5269,0.6
2026-09-18T02:00:00+00:00,4387.0,4395.1,4381.8,4385.0,3505,0.0
2026-09-18T03:00:00+00:00,4384.8,4399.5,4372.2,4396.6,7108,-0.2
2026-09-18T04:00:00+00:00,4397.6,4406.9,4391.8,4406.4,3435,1.0
2026-09-18T05:00:00+00:00,4406.8,4418.1,4399.8,4416.9,6134,0.4
2026-09-18T06:00:00+00:00,4417.0,4437.1,4416.7,4433.5,7605,0.1
2026-09-18T07:00:00+00:00,4433.8,4439.8,4429.0,4433.3,5775,0.3
2026-09-18T08:00:00+00:00,4433.6,4438.3,4424.9,4432.1,4536,0.3
2026-09-18T09:00:00+00:00,4432.3,4438.3,4413.1,4416.1,5680,0.2
2026-09-18T10:00:00+00:00,4416.4,4422.2,4415.5,4421.3,2837,0.3
2026-09-18T11:00:00+00:00,4421.2,4428.1,4411.4,4420.5,5521,-0.1
2026-09-18T12:00:00+00:00,4420.8,4421.9,4392.4,4407.6,11062,0.3
2026-09-18T13:00:00+00:00,4408.1,4414.5,4385.6,4387.6,11978,0.5
2026-09-18T14:00:00+00:00,4387.2,4400.1,4381.0,4391.0,11610,-0.4
2026-09-18T15:00:00+00:00,4391.4,4396.6,4386.1,4395.0,7114,0.4
2026-09-18T16:00:00+00:00,4395.2,4422.6,4393.4,4421.1,9530,0.2
2026-09-18T17:00:00+00:00,4421.3,4435.2,4419.9,4431.4,8837,0.2
2026-09-18T18:00:00+00:00,4431.6,4432.9,4418.2,4420.8,4816,0.2
2026-09-18T19:00:00+00:00,4420.7,4424.3,4413.5,4415.4,4182,-0.1
2026-09-18T20:00:00+00:00,4415.7,4424.9,4414.4,4424.9,2174,0.3
2026-09-20T22:00:00+00:00,4415.0,4417.8,4412.0,4412.1,1331,-9.9
2026-09-20T23:00:00+00:00,4412.2,4414.8,4406.9,4411.6,1537,0.1
2026-09-21T00:00:00+00:00,4411.3,4414.3,4396.4,4404.8,4771,-0.3
2026-09-21T01:00:00+00:00,4406.5,4422.1,4404.8,4415.7,6000,1.7
2026-09-21T02:00:00+00:00,4416.0,4416.2,4399.0,4401.5,4445,0.3
2026-09-21T03:00:00+00:00,4401.7,4406.0,4395.4,4395.8,3875,0.2
2026-09-21T04:00:00+00:00,4396.8,4402.9,4392.2,4393.1,2440,1.0
2026-09-21T05:00:00+00:00,4392.9,4399.3,4386.3,4388.0,4422,-0.2
2026-09-21T06:00:00+00:00,4388.0,4393.1,4383.5,4390.7,4104,0.0
2026-09-21T07:00:00+00:00,4390.1,4393.7,4379.0,4381.6,6378,-0.6
2026-09-21T08:00:00+00:00,4381.2,4395.2,4380.8,4390.7,4269,-0.4
2026-09-21T09:00:00+00:00,4390.7,4392.4,4377.5,4383.6,5269,0.0
2026-09-21T10:00:00+00:00,4383.4,4394.6,4380.1,4380.4,2999,-0.2
2026-09-21T11:00:00+00:00,4380.2,4409.4,4379.5,4407.1,5401,-0.2
2026-09-21T12:00:00+00:00,4407.0,4413.0,4388.7,4397.7,9693,-0.1
2026-09-21T13:00:00+00:00,4397.2,4407.8,4383.6,4384.0,9952,-0.5
2026-09-21T14:00:00+00:00,4383.9,4384.8,4360.3,4376.9,19635,-0.1
2026-09-21T15:00:00+00:00,4377.1,4394.6,4377.0,4386.3,9045,0.2
2026-09-21T16:00:00+00:00,4386.5,4395.7,4381.0,4381.4,7896,0.2
2026-09-21T17:00:00+00:00,4381.5,4385.3,4375.7,4383.0,7202,0.1
2026-09-21T18:00:00+00:00,4383.0,4390.9,4382.2,4384.4,4542,0.0
2026-09-21T19:00:00+00:00,4384.3,4391.9,4380.4,4383.1,3881,-0.1
2026-09-21T20:00:00+00:00,4382.8,4383.3,4377.3,4381.0,1438,-0.3
2026-09-21T22:00:00+00:00,4382.5,4402.8,4382.0,4398.7,0,1.5
2026-09-21T23:00:00+00:00,4398.5,4408.6,4395.5,4406.8,6083,-0.2
2026-09-22T00:00:00+00:00,4407.4,4414.1,4385.9,4397.7,5693,0.6
2026-09-22T01:00:00+00:00,4397.6,4402.5,4380.6,4385.9,5104,-0.1
2026-09-22T02:00:00+00:00,4386.2,4392.8,4376.3,4381.8,5885,0.3
2026-09-22T03:00:00+00:00,4381.6,4386.6,4376.5,4379.1,2830,-0.2
2026-09-22T04:00:00+00:00,4378.5,4379.8,4371.4,4379.5,3657,-0.6
2026-09-22T05:00:00+00:00,4379.6,4384.2,4352.7,4360.3,9907,0.1
2026-09-22T06:00:00+00:00,4359.9,4361.0,4351.8,4355.5,5296,-0.4
2026-09-22T07:00:00+00:00,4354.2,4361.0,4335.5,4337.5,8609,-1.3
2026-09-22T08:00:00+00:00,4337.2,4372.7,4327.6,4367.3,14011,-0.3
2026-09-22T09:00:00+00:00,4366.3,4375.3,4349.0,4374.1,10880,-1.0
2026-09-22T10:00:00+00:00,4373.8,4375.3,4359.0,4359.1,4277,-0.3
2026-09-22T11:00:00+00:00,4358.8,4360.8,4346.3,4359.9,6939,-0.3
2026-09-22T12:00:00+00:00,4360.2,4381.4,4357.1,4371.7,10165,0.3
2026-09-22T13:00:00+00:00,4371.6,4381.9,4365.2,4371.0,12166,-0.1
2026-09-22T14:00:00+00:00,4370.7,4376.4,4351.8,4365.3,14992,-0.3
2026-09-22T15:00:00+00:00,4365.3,4378.3,4362.6,4368.7,9180,0.0
2026-09-22T16:00:00+00:00,4368.7,4379.8,4359.8,4374.1,7232,0.0
2026-09-22T17:00:00+00:00,4374.0,4391.3,4372.5,4388.9,8707,-0.1
2026-09-22T18:00:00+00:00,4388.8,4398.8,4385.5,4390.9,8284,-0.1
2026-09-22T19:00:00+00:00,4391.1,4409.6,4390.7,4401.8,8406,0.2
2026-09-22T20:00:00+00:00,4402.3,4402.5,4393.5,4396.2,3169,0.5
2026-09-22T22:00:00+00:00,4394.7,4403.8,4394.7,4400.6,0,-1.5
2026-09-22T23:00:00+00:00,4400.6,4404.1,4396.4,4402.0,2196,0.0
2026-09-23T00:00:00+00:00,4401.1,4407.5,4392.3,4395.2,4360,-0.9
2026-09-23T01:00:00+00:00,4395.2,4396.6,4375.9,4378.3,5490,0.0
2026-09-23T02:00:00+00:00,4378.2,4378.3,4370.1,4370.7,3487,-0.1
2026-09-23T03:00:00+00:00,4370.7,4382.4,4370.0,4380.0,2627,0.0
2026-09-23T04:00:00+00:00,4380.1,4384.4,4379.2,4381.0,1536,0.1
2026-09-23T05:00:00+00:00,4381.2,4382.9,4365.1,4372.3,3893,0.2
2026-09-23T06:00:00+00:00,4371.8,4374.1,4363.3,4368.5,4129,-0.5
2026-09-23T07:00:00+00:00,4367.8,4369.6,4355.1,4356.2,7112,-0.7
2026-09-23T08:00:00+00:00,4356.8,4359.8,4352.2,4355.0,4430,0.6
2026-09-23T09:00:00+00:00,4354.9,4357.3,4345.3,4350.6,4276,-0.1
2026-09-23T10:00:00+00:00,4351.3,4356.0,4349.0,4352.5,3232,0.7
2026-09-23T11:00:00+00:00,4352.1,4354.0,4330.9,4346.4,7041,-0.4
2026-09-23T12:00:00+00:00,4346.4,4355.6,4337.2,4346.3,9137,0.0
2026-09-23T13:00:00+00:00,4346.3,4350.6,4317.3,4320.2,17623,0.0
2026-09-23T14:00:00+00:00,4320.1,4335.0,4313.9,4330.6,19130,-0.1
2026-09-23T15:00:00+00:00,4330.6,4333.6,4313.3,4318.3,10272,0.0
2026-09-23T16:00:00+00:00,4318.2,4326.1,4314.5,4321.1,6150,-0.1
2026-09-23T17:00:00+00:00,4321.2,4330.0,4310.7,4329.3,11376,0.1
2026-09-23T18:00:00+00:00,4329.8,4331.5,4319.0,4326.8,3542,0.5
2026-09-23T19:00:00+00:00,4326.8,4329.9,4317.3,4320.6,4578,0.0
2026-09-23T20:00:00+00:00,4320.3,4326.5,4318.4,4322.7,3050,-0.3
2026-09-23T21:00:00+00:00,4322.7,4322.7,4322.7,4322.7,1,0.0
2026-09-23T22:00:00+00:00,4324.9,4328.8,4320.9,4324.2,0,2.2
2026-09-23T23:00:00+00:00,4324.0,4328.8,4320.2,4323.9,2046,-0.2
2026-09-24T00:00:00+00:00,4324.1,4334.6,4319.0,4333.7,3446,0.2
2026-09-24T01:00:00+00:00,4332.4,4338.0,4312.6,4314.8,7151,-1.3
2026-09-24T02:00:00+00:00,4313.9,4332.0,4308.0,4325.7,8692,-0.9
2026-09-24T03:00:00+00:00,4325.4,4328.7,4315.6,4318.9,3021,-0.3
2026-09-24T04:00:00+00:00,4320.1,4325.1,4316.4,4324.3,1596,1.2
2026-09-24T05:00:00+00:00,4324.4,4331.2,4312.0,4313.6,3081,0.1
2026-09-24T06:00:00+00:00,4313.8,4321.3,4309.0,4311.0,4795,0.2
2026-09-24T07:00:00+00:00,4311.4,4323.0,4309.0,4313.3,4376,0.4
2026-09-24T08:00:00+00:00,4313.6,4320.3,4295.0,4295.5,9339,0.3
2026-09-24T09:00:00+00:00,4295.5,4301.7,4285.0,4289.7,6193,0.0
2026-09-24T10:00:00+00:00,4289.3,4299.4,4278.3,4292.5,9544,-0.4
2026-09-24T11:00:00+00:00,4292.4,4302.4,4286.4,4300.4,5179,-0.1
2026-09-24T12:00:00+00:00,4300.2,4318.2,4295.0,4316.0,8327,-0.2
2026-09-24T13:00:00+00:00,4316.1,4320.0,4299.7,4302.5,10750,0.1
2026-09-24T14:00:00+00:00,4302.2,4308.4,4287.4,4288.0,12121,-0.3
2026-09-24T15:00:00+00:00,4288.3,4295.1,4279.5,4291.3,10409,0.3
2026-09-24T16:00:00+00:00,4291.5,4324.3,4287.2,4308.7,18132,0.2
2026-09-24T17:00:00+00:00,4307.7,4313.0,4293.2,4300.3,11264,-1.0
2026-09-24T18:00:00+00:00,4300.6,4317.2,4291.3,4307.1,8414,0.3
2026-09-24T19:00:00+00:00,4307.2,4310.9,4302.2,4309.1,3960,0.1
2026-09-24T20:00:00+00:00,4309.1,4311.4,4299.7,4310.1,3853,0.0
2026-09-24T22:00:00+00:00,4309.5,4312.8,4303.1,4307.5,0,-0.6
2026-09-24T23:00:00+00:00,4308.1,4311.4,4299.9,4300.1,4081,0.6
2026-09-25T00:00:00+00:00,4300.2,4315.5,4299.3,4313.0,2434,0.1
2026-09-25T01:00:00+00:00,4313.1,4331.0,4311.7,4323.2,4364,0.1
2026-09-25T02:00:00+00:00,4324.4,4330.5,4313.0,4318.9,2888,1.2
2026-09-25T03:00:00+00:00,4319.0,4321.6,4305.4,4305.7,2074,0.1
2026-09-25T04:00:00+00:00,4304.8,4308.4,4297.0,4297.7,2788,-0.9
2026-09-25T05:00:00+00:00,4297.0,4311.9,4290.3,4301.3,4431,-0.7
2026-09-25T06:00:00+00:00,4301.2,4316.4,4300.8,4311.4,4483,-0.1
2026-09-25T07:00:00+00:00,4311.3,4317.0,4306.2,4314.8,3859,-0.1
2026-09-25T08:00:00+00:00,4314.5,4332.7,4310.0,4328.9,4720,-0.3
2026-09-25T09:00:00+00:00,4329.0,4333.5,4325.4,4330.8,5316,0.1
2026-09-25T10:00:00+00:00,4331.0,4347.5,4329.6,4346.8,5268,0.2
2026-09-25T11:00:00+00:00,4347.1,4351.6,4335.9,4338.6,7031,0.3
2026-09-25T12:00:00+00:00,4339.1,4345.3,4332.3,4333.8,9168,0.5
2026-09-25T13:00:00+00:00,4333.9,4335.3,4308.6,4310.6,12390,0.1
2026-09-25T14:00:00+00:00,4310.8,4315.9,4289.2,4314.1,16272,0.2
2026-09-25T15:00:00+00:00,4314.1,4326.6,4304.9,4326.4,11903,0.0
2026-09-25T16:00:00+00:00,4326.2,4336.0,4314.5,4321.5,13765,-0.2
2026-09-25T17:00:00+00:00,4321.6,4328.4,4314.5,4318.1,6178,0.1
2026-09-25T18:00:00+00:00,4318.7,4331.1,4317.7,4329.5,3901,0.6
2026-09-25T19:00:00+00:00,4329.8,4332.4,4322.7,4326.6,5258,0.3
2026-09-25T20:00:00+00:00,4326.6,4327.6,4320.0,4321.2,0,0.0
2026-09-27T22:00:00+00:00,4308.8,4310.0,4292.4,4294.2,3921,-12.4
2026-09-27T23:00:00+00:00,4293.8,4300.6,4291.9,4294.6,2279,-0.4
2026-09-28T00:00:00+00:00,4294.2,4295.1,4260.5,4264.6,8648,-0.4
2026-09-28T01:00:00+00:00,4264.6,4265.1,4239.3,4249.4,12521,0.0
2026-09-28T02:00:00+00:00,4249.2,4250.7,4227.1,4229.9,6706,-0.2
2026-09-28T03:00:00+00:00,4230.1,4236.0,4224.1,4230.5,5066,0.2
2026-09-28T04:00:00+00:00,4229.5,4233.1,4226.8,4227.4,2985,-1.0
2026-09-28T05:00:00+00:00,4227.2,4231.0,4211.4,4212.0,7491,-0.2
2026-09-28T06:00:00+00:00,4212.0,4213.8,4194.3,4196.6,11617,0.0
2026-09-28T07:00:00+00:00,4196.4,4198.5,4182.7,4187.5,12232,-0.2
2026-09-28T08:00:00+00:00,4187.3,4191.2,4174.7,4176.8,11727,-0.2
2026-09-28T09:00:00+00:00,4176.4,4190.0,4172.7,4188.1,8941,-0.4
2026-09-28T10:00:00+00:00,4188.2,4191.8,4184.0,4187.5,4884,0.1
2026-09-28T11:00:00+00:00,4188.0,4193.0,4179.6,4181.0,7927,0.5
2026-09-28T12:00:00+00:00,4180.9,4203.8,4175.0,4186.4,16153,-0.1
2026-09-28T13:00:00+00:00,4186.4,4193.2,4168.0,4189.2,16867,0.0
2026-09-28T14:00:00+00:00,4188.8,4189.3,4143.1,4150.7,20195,-0.4
2026-09-28T15:00:00+00:00,4150.7,4160.9,4147.7,4156.4,13228,0.0
2026-09-28T16:00:00+00:00,4156.6,4181.0,4148.6,4162.4,19793,0.2
2026-09-28T17:00:00+00:00,4162.1,4179.6,4158.7,4167.3,14164,-0.3
2026-09-28T18:00:00+00:00,4167.3,4175.3,4164.1,4172.0,4304,0.0
2026-09-28T19:00:00+00:00,4172.2,4172.4,4155.2,4156.3,6039,0.2
2026-09-28T20:00:00+00:00,4156.1,4156.9,4144.2,4148.5,3579,-0.2
2026-09-28T22:00:00+00:00,4150.2,4159.2,4147.8,4154.1,0,1.7
2026-09-28T23:00:00+00:00,4154.0,4161.4,4153.5,4159.6,1431,-0.1
2026-09-29T00:00:00+00:00,4159.9,4160.3,4146.2,4150.0,3687,0.3
2026-09-29T01:00:00+00:00,4149.4,4168.6,4145.2,4166.9,7467,-0.6
2026-09-29T02:00:00+00:00,4167.1,4170.7,4157.8,4168.7,5196,0.2
2026-09-29T03:00:00+00:00,4169.1,4171.8,4162.8,4164.1,5206,0.4
2026-09-29T04:00:00+00:00,4165.1,4165.6,4155.9,4158.2,3311,1.0
2026-09-29T05:00:00+00:00,4157.9,4176.2,4153.1,4169.9,4946,-0.3
2026-09-29T06:00:00+00:00,4170.1,4179.5,4169.8,4171.7,4647,0.2
2026-09-29T07:00:00+00:00,4171.8,4180.9,4167.4,4172.4,5261,0.1
2026-09-29T08:00:00+00:00,4172.9,4178.3,4169.2,4171.6,3367,0.5
2026-09-29T09:00:00+00:00,4171.0,4181.2,4170.7,4178.0,5015,-0.6
2026-09-29T10:00:00+00:00,4178.0,4186.8,4175.4,4185.6,4320,0.0
2026-09-29T11:00:00+00:00,4185.8,4193.3,4181.5,4185.7,7016,0.2
2026-09-29T12:00:00+00:00,4185.8,4190.9,4180.6,4183.0,6236,0.1
2026-09-29T13:00:00+00:00,4183.0,4196.8,4182.5,4189.8,11547,0.0
2026-09-29T14:00:00+00:00,4190.0,4207.2,4188.5,4202.0,13676,0.2
2026-09-29T15:00:00+00:00,4202.2,4202.2,4180.0,4190.3,12890,0.2
2026-09-29T16:00:00+00:00,4190.5,4190.9,4176.7,4177.8,5904,0.2
2026-09-29T17:00:00+00:00,4177.8,4181.2,4174.4,4176.3,6865,0.0
2026-09-29T18:00:00+00:00,4176.9,4209.0,4176.5,4203.9,19170,0.6
2026-09-29T19:00:00+00:00,4203.7,4210.1,4200.4,4210.0,4539,-0.2
2026-09-29T20:00:00+00:00,4209.8,4218.1,4204.2,4215.0,2821,-0.2
2026-09-29T22:00:00+00:00,4216.1,4217.3,4209.2,4211.3,0,1.1
2026-09-29T23:00:00+00:00,4211.5,4219.7,4211.0,4216.8,1490,0.2
2026-09-30T00:00:00+00:00,4216.7,4219.5,4208.2,4208.2,2385,-0.1
2026-09-30T01:00:00+00:00,4208.0,4213.3,4198.6,4204.1,4411,-0.2
2026-09-30T02:00:00+00:00,4205.4,4216.0,4202.7,4210.9,3921,1.3
2026-09-30T03:00:00+00:00,4211.0,4214.2,4203.2,4205.5,2368,0.1
2026-09-30T04:00:00+00:00,4204.7,4217.4,4204.3,4211.4,2197,-0.8
2026-09-30T05:00:00+00:00,4211.0,4214.8,4197.6,4210.0,3734,-0.4
2026-09-30T06:00:00+00:00,4209.8,4227.0,4208.3,4222.6,5251,-0.2
2026-09-30T07:00:00+00:00,4222.6,4233.2,4221.6,4225.5,6277,0.0
2026-09-30T08:00:00+00:00,4225.3,4234.0,4222.8,4223.4,4536,-0.2
2026-09-30T09:00:00+00:00,4223.4,4227.0,4214.3,4219.3,5634,0.0
2026-09-30T10:00:00+00:00,4219.4,4222.2,4212.5,4216.0,3237,0.1
2026-09-30T11:00:00+00:00,4215.8,4223.8,4207.8,4218.3,4889,-0.2
2026-09-30T12:00:00+00:00,4217.9,4251.1,4213.9,4239.5,20709,-0.4
2026-09-30T13:00:00+00:00,4240.3,4246.5,4207.5,4208.6,15147,0.8
2026-09-30T14:00:00+00:00,4208.8,4215.0,4195.1,4196.3,16701,0.2
2026-09-30T15:00:00+00:00,4196.6,4199.5,4182.1,4188.2,16199,0.3
2026-09-30T16:00:00+00:00,4188.5,4194.2,4185.8,4189.1,9038,0.3
2026-09-30T17:00:00+00:00,4189.2,4190.1,4178.2,4182.7,9393,0.1
2026-09-30T18:00:00+00:00,4182.4,4186.7,4178.5,4182.8,5614,-0.3
2026-09-30T19:00:00+00:00,4182.9,4189.2,4180.5,4188.1,5733,0.1
2026-09-30T20:00:00+00:00,4188.0,4192.3,4183.4,4189.1,1964,-0.1
2026-09-30T22:00:00+00:00,4190.2,4192.0,4183.4,4184.5,0,1.1
2026-09-30T23:00:00+00:00,4184.4,4187.0,4181.8,4186.2,908,-0.1
2026-10-01T00:00:00+00:00,4186.0,4186.2,4169.4,4175.3,3907,-0.2
2026-10-01T01:00:00+00:00,4175.5,4194.6,4175.2,4186.2,3675,0.2
2026-10-01T02:00:00+00:00,4186.4,4191.4,4180.9,4190.3,2350,0.2
2026-10-01T03:00:00+00:00,4190.3,4206.4,4188.8,4205.4,2976,0.0
2026-10-01T04:00:00+00:00,4205.0,4210.3,4200.8,4209.5,2369,-0.4
2026-10-01T05:00:00+00:00,4209.9,4222.8,4209.0,4217.8,4029,0.4
2026-10-01T06:00:00+00:00,4217.7,4222.1,4210.4,4211.6,4721,-0.1
2026-10-01T07:00:00+00:00,4211.9,4213.5,4184.2,4193.5,7683,0.3
2026-10-01T08:00:00+00:00,4193.8,4197.9,4178.4,4182.8,5375,0.3
2026-10-01T09:00:00+00:00,4182.3,4193.5,4182.1,4184.1,3812,-0.5
2026-10-01T10:00:00+00:00,4184.1,4208.5,4179.9,4205.9,5302,0.0
2026-10-01T11:00:00+00:00,4205.5,4215.3,4196.4,4212.2,4722,-0.4
2026-10-01T12:00:00+00:00,4212.0,4217.8,4204.5,4208.6,7841,-0.2
2026-10-01T13:00:00+00:00,4209.0,4211.8,4188.8,4195.1,7980,0.4
2026-10-01T14:00:00+00:00,4196.2,4204.8,4180.8,4192.5,13420,1.1
2026-10-01T15:00:00+00:00,4192.3,4203.4,4179.5,4199.2,13867,-0.2
2026-10-01T16:00:00+00:00,4199.3,4206.6,4189.5,4192.2,6009,0.1
2026-10-01T17:00:00+00:00,4192.2,4217.6,4191.6,4201.0,14805,0.0
2026-10-01T18:00:00+00:00,4200.9,4213.3,4193.9,4207.8,6147,-0.1
2026-10-01T19:00:00+00:00,4207.2,4210.8,4204.3,4207.4,3067,-0.6
2026-10-01T20:00:00+00:00,4207.0,4210.5,4203.4,4207.8,1491,-0.4
2026-10-01T22:00:00+00:00,4205.2,4208.6,4201.1,4208.3,0,-2.6
2026-10-01T23:00:00+00:00,4208.5,4213.3,4206.7,4211.5,1428,0.2
2026-10-02T00:00:00+00:00,4211.4,4212.0,4182.3,4182.7,4358,-0.1
2026-10-02T01:00:00+00:00,4182.0,4184.2,4162.9,4180.6,7134,-0.7
2026-10-02T02:00:00+00:00,4180.6,4195.7,4176.3,4195.0,3381,0.0
2026-10-02T03:00:00+00:00,4195.3,4207.9,4194.2,4205.5,3480,0.3
2026-10-02T04:00:00+00:00,4207.6,4221.0,4207.2,4214.8,4125,2.1
2026-10-02T05:00:00+00:00,4214.5,4222.3,4212.8,4216.0,2606,-0.3
2026-10-02T06:00:00+00:00,4216.5,4226.8,4207.4,4211.0,5558,0.5
2026-10-02T07:00:00+00:00,4210.8,4222.0,4207.6,4217.3,4345,-0.2
2026-10-02T08:00:00+00:00,4217.0,4226.6,4209.0,4214.1,6082,-0.3
2026-10-02T09:00:00+00:00,4214.4,4218.4,4209.3,4214.0,3536,0.3
2026-10-02T10:00:00+00:00,4213.9,4216.0,4195.4,4212.7,5592,-0.1
2026-10-02T11:00:00+00:00,4212.6,4218.7,4206.9,4211.6,4852,-0.1
2026-10-02T12:00:00+00:00,4211.5,4259.0,4204.4,4248.2,23499,-0.1
2026-10-02T13:00:00+00:00,4248.3,4255.9,4207.7,4221.2,21720,0.1
2026-10-02T14:00:00+00:00,4220.7,4226.6,4184.5,4188.4,17811,-0.5
2026-10-02T15:00:00+00:00,4188.5,4189.4,4153.8,4156.1,19700,0.1
2026-10-02T16:00:00+00:00,4156.0,4170.5,4154.6,4168.2,7781,-0.1
2026-10-02T17:00:00+00:00,4168.0,4172.5,4158.9,4166.5,6797,-0.2
2026-10-02T18:00:00+00:00,4166.4,4175.7,4164.3,4175.4,2970,-0.1
2026-10-02T19:00:00+00:00,4175.7,4178.9,4169.4,4176.4,4410,0.3
2026-10-02T20:00:00+00:00,4176.7,4177.7,4162.3,4162.3,2561,0.3
2026-10-04T22:00:00+00:00,4171.1,4176.6,4166.8,4176.0,1863,8.8
2026-10-04T23:00:00+00:00,4175.7,4175.9,4168.6,4171.6,915,-0.3
2026-10-05T00:00:00+00:00,4170.8,4186.4,4170.8,4185.0,2767,-0.8
2026-10-05T01:00:00+00:00,4184.9,4190.0,4180.0,4188.1,2558,-0.1
2026-10-05T02:00:00+00:00,4188.3,4191.0,4167.3,4170.3,4355,0.2
2026-10-05T03:00:00+00:00,4170.4,4174.4,4164.0,4172.0,4202,0.1
2026-10-05T04:00:00+00:00,4171.2,4171.3,4152.3,4158.8,3792,-0.8
2026-10-05T05:00:00+00:00,4159.2,4168.6,4157.6,4162.4,3166,0.4
2026-10-05T06:00:00+00:00,4162.1,4184.1,4161.7,4183.8,5906,-0.3
2026-10-05T07:00:00+00:00,4184.0,4194.9,4177.9,4188.7,5228,0.2
2026-10-05T08:00:00+00:00,4189.0,4198.9,4187.5,4195.7,7334,0.3
2026-10-05T09:00:00+00:00,4195.5,4198.7,4184.9,4187.2,4636,-0.2
2026-10-05T10:00:00+00:00,4187.2,4194.0,4184.4,4190.5,2919,0.0
2026-10-05T11:00:00+00:00,4190.8,4197.1,4179.1,4184.1,4903,0.3
2026-10-05T12:00:00+00:00,4184.4,4194.0,4181.6,4184.6,6272,0.3
2026-10-05T13:00:00+00:00,4184.2,4186.1,4159.1,4163.0,10072,-0.4
2026-10-05T14:00:00+00:00,4164.2,4176.6,4160.0,4175.1,10863,1.2
2026-10-05T15:00:00+00:00,4175.2,4176.5,4150.4,4164.7,8669,0.1
2026-10-05T16:00:00+00:00,4164.6,4164.8,4153.6,4158.3,4360,-0.1
2026-10-05T17:00:00+00:00,4158.3,4164.6,4152.9,4164.2,4905,0.0
2026-10-05T18:00:00+00:00,4164.4,4170.5,4160.9,4170.4,3416,0.2
2026-10-05T19:00:00+00:00,4170.6,4171.6,4166.1,4168.3,3167,0.2
2026-10-05T20:00:00+00:00,4168.4,4170.7,4165.0,4167.3,1711,0.1
2026-10-05T21:00:00+00:00,4167.6,4167.6,4167.6,4167.6,1,0.3
2026-10-05T22:00:00+00:00,4168.8,4172.5,4167.6,4167.9,0,1.2
2026-10-05T23:00:00+00:00,4168.0,4169.0,4160.6,4161.4,1161,0.1
2026-10-06T00:00:00+00:00,4160.9,4178.8,4160.1,4178.3,3261,-0.5
2026-10-06T01:00:00+00:00,4178.1,4179.6,4156.0,4157.2,3804,-0.2
2026-10-06T02:00:00+00:00,4157.0,4166.2,4130.7,4157.4,8995,-0.2
2026-10-06T03:00:00+00:00,4157.5,4160.8,4151.0,4154.5,3430,0.1
2026-10-06T04:00:00+00:00,4155.8,4158.0,4146.8,4148.2,2670,1.3
2026-10-06T05:00:00+00:00,4147.9,4152.8,4143.3,4146.7,2684,-0.3
2026-10-06T06:00:00+00:00,4146.6,4162.6,4140.1,4158.9,6287,-0.1
2026-10-06T07:00:00+00:00,4159.1,4170.6,4155.5,4167.5,4702,0.2
2026-10-06T08:00:00+00:00,4167.5,4182.9,4165.2,4182.8,5845,0.0
2026-10-06T09:00:00+00:00,4182.6,4185.9,4177.2,4180.2,4476,-0.2
2026-10-06T10:00:00+00:00,4179.9,4188.7,4176.2,4186.1,3612,-0.3
2026-10-06T11:00:00+00:00,4186.5,4202.8,4183.8,4201.5,9018,0.4
2026-10-06T12:00:00+00:00,4201.7,4208.0,4193.5,4197.9,9596,0.2
2026-10-06T13:00:00+00:00,4198.2,4202.5,4179.3,4180.1,8409,0.3
2026-10-06T14:00:00+00:00,4179.8,4185.9,4170.6,4184.5,9606,-0.3
2026-10-06T15:00:00+00:00,4184.4,4198.7,4183.9,4192.3,8521,-0.1
2026-10-06T16:00:00+00:00,4192.7,4193.6,4181.6,4184.2,5195,0.4
2026-10-06T17:00:00+00:00,4184.2,4193.7,4183.8,4192.0,5841,0.0
2026-10-06T18:00:00+00:00,4192.2,4204.7,4191.4,4203.8,4481,0.2
2026-10-06T19:00:00+00:00,4203.4,4212.4,4194.6,4197.3,4740,-0.4
2026-10-06T20:00:00+00:00,4197.1,4198.3,4190.1,4192.7,1893,-0.2
2026-10-06T22:00:00+00:00,4195.9,4195.9,4190.0,4190.7,0,3.2
2026-10-06T23:00:00+00:00,4190.8,4197.8,4190.0,4193.6,1517,0.1
2026-10-07T00:00:00+00:00,4193.3,4197.3,4182.9,4183.6,3004,-0.3
2026-10-07T01:00:00+00:00,4183.8,4183.8,4173.1,4174.3,3485,0.2
2026-10-07T02:00:00+00:00,4174.3,4175.7,4166.8,4168.9,4022,0.0
2026-10-07T03:00:00+00:00,4168.9,4174.5,4164.2,4170.3,3096,0.0
2026-10-07T04:00:00+00:00,4170.1,4171.1,4161.0,4161.6,1898,-0.2
2026-10-07T05:00:00+00:00,4161.7,4163.9,4154.7,4154.7,4155,0.1
2026-10-07T06:00:00+00:00,4154.7,4161.9,4153.2,4156.8,3887,0.0
2026-10-07T07:00:00+00:00,4156.7,4165.8,4154.5,4159.0,5411,-0.1
2026-10-07T08:00:00+00:00,4159.1,4163.3,4148.4,4149.8,5676,0.1
2026-10-07T09:00:00+00:00,4149.7,4151.9,4142.6,4145.9,6774,-0.1
2026-10-07T10:00:00+00:00,4146.0,4146.9,4135.0,4143.0,6691,0.1
2026-10-07T11:00:00+00:00,4143.1,4148.9,4140.9,4147.6,5374,0.1
2026-10-07T12:00:00+00:00,4147.4,4150.4,4091.2,4112.8,33796,-0.2
2026-10-07T13:00:00+00:00,4112.6,4125.0,4108.0,4123.9,14935,-0.2
2026-10-07T14:00:00+00:00,4124.1,4134.9,4119.0,4130.0,11317,0.2
2026-10-07T15:00:00+00:00,4130.5,4139.1,4124.5,4131.3,8928,0.5
2026-10-07T16:00:00+00:00,4131.1,4140.9,4127.5,4135.1,8489,-0.2
2026-10-07T17:00:00+00:00,4134.9,4153.2,4133.9,4136.4,13003,-0.2
2026-10-07T18:00:00+00:00,4136.3,4146.0,4132.8,4135.5,3871,-0.1
2026-10-07T19:00:00+00:00,4135.6,4137.0,4126.9,4127.6,4043,0.1
2026-10-07T20:00:00+00:00,4127.7,4140.0,4127.3,4136.7,2683,0.1
2026-10-07T22:00:00+00:00,4139.9,4140.8,4128.1,4131.4,0,3.2
2026-10-07T23:00:00+00:00,4131.2,4139.9,4131.0,4133.0,3032,-0.2
2026-10-08T00:00:00+00:00,4133.6,4145.2,4130.0,4142.0,4596,0.6
2026-10-08T01:00:00+00:00,4141.5,4161.5,4140.6,4156.5,8510,-0.5
2026-10-08T02:00:00+00:00,4156.8,4166.8,4155.5,4157.1,4035,0.3
2026-10-08T03:00:00+00:00,4157.3,4163.7,4151.8,4160.4,2892,0.2
2026-10-08T04:00:00+00:00,4159.8,4165.7,4154.7,4157.8,1825,-0.6
2026-10-08T05:00:00+00:00,4157.5,4159.9,4140.2,4141.8,4911,-0.3
2026-10-08T06:00:00+00:00,4141.9,4150.5,4138.1,4145.5,5258,0.1
2026-10-08T07:00:00+00:00,4145.5,4154.3,4142.1,4144.1,4317,0.0
2026-10-08T08:00:00+00:00,4144.3,4157.7,4142.5,4150.9,6121,0.2
2026-10-08T09:00:00+00:00,4151.1,4155.3,4144.0,4147.9,5444,0.2
2026-10-08T10:00:00+00:00,4148.0,4150.8,4134.3,4146.4,5642,0.1
2026-10-08T11:00:00+00:00,4146.5,4154.5,4138.9,4149.1,4630,0.1
2026-10-08T12:00:00+00:00,4148.4,4156.7,4137.3,4142.5,6978,-0.7
2026-10-08T13:00:00+00:00,4142.4,4158.8,4139.3,4154.7,11160,-0.1
2026-10-08T14:00:00+00:00,4154.6,4165.4,4146.2,4148.7,13780,-0.1
2026-10-08T15:00:00+00:00,4148.6,4149.0,4134.6,4135.9,9274,-0.1
2026-10-08T16:00:00+00:00,4135.4,4157.0,4129.2,4148.1,15334,-0.5
2026-10-08T17:00:00+00:00,4148.2,4170.7,4146.9,4157.3,16642,0.1
2026-10-08T18:00:00+00:00,4157.5,4159.0,4146.1,4151.4,3329,0.2
2026-10-08T19:00:00+00:00,4151.5,4159.1,4151.5,4158.1,3023,0.1
2026-10-08T20:00:00+00:00,4158.0,4161.2,4156.9,4158.3,0,-0.1
2026-10-08T22:00:00+00:00,4159.3,4165.9,4156.1,4163.3,2631,1.0
2026-10-08T23:00:00+00:00,4163.3,4170.6,4161.0,4169.2,1789,0.0
2026-10-09T00:00:00+00:00,4169.3,4175.3,4166.4,4168.1,2812,0.1
2026-10-09T01:00:00+00:00,4168.7,4199.9,4167.9,4199.8,8878,0.6
2026-10-09T02:00:00+00:00,4199.7,4204.8,4194.5,4202.6,4302,-0.1
2026-10-09T03:00:00+00:00,4202.5,4204.6,4198.1,4202.3,2833,-0.1
2026-10-09T04:00:00+00:00,4202.3,4210.2,4201.3,4206.4,3031,0.0
2026-10-09T05:00:00+00:00,4206.4,4233.7,4206.3,4217.9,10725,0.0
2026-10-09T06:00:00+00:00,4218.4,4224.0,4213.5,4220.6,5104,0.5
2026-10-09T07:00:00+00:00,4220.8,4222.8,4214.2,4219.2,4190,0.2
2026-10-09T08:00:00+00:00,4219.3,4226.4,4212.0,4213.0,5430,0.1
2026-10-09T09:00:00+00:00,4213.1,4214.7,4207.8,4211.0,3573,0.1
2026-10-09T10:00:00+00:00,4211.0,4211.9,4203.9,4204.0,2892,0.0
2026-10-09T11:00:00+00:00,4204.1,4211.0,4199.2,4207.7,5045,0.1
2026-10-09T12:00:00+00:00,4207.8,4216.4,4193.2,4200.4,9552,0.1
2026-10-09T13:00:00+00:00,4200.2,4221.7,4199.2,4215.2,14209,-0.2
2026-10-09T14:00:00+00:00,4215.5,4216.3,4205.8,4207.3,9975,0.3
2026-10-09T15:00:00+00:00,4206.9,4217.4,4205.0,4213.8,8475,-0.4
2026-10-09T16:00:00+00:00,4213.6,4218.9,4209.9,4215.9,4693,-0.2
2026-10-09T17:00:00+00:00,4215.9,4223.0,4212.2,4220.7,8229,0.0
2026-10-09T18:00:00+00:00,4220.8,4227.8,4217.7,4224.2,5497,0.1
2026-10-09T19:00:00+00:00,4224.6,4226.8,4217.8,4220.2,4362,0.4
2026-10-09T20:00:00+00:00,4220.0,4222.6,4216.3,4216.3,0,-0.2
